ATG,168
GAG,92
AGC,23
CTT,185
GTC,81
CCT,136
GGT,263
TTC,95
AAC,116
AAA,281
ACA,224
CAC,43
CAA,163
CTC,61
AGT,119
TTG,116
GTT,292
TTA,201
CAG,76
CGC,25
GAC,138
GTG,88
GTA,137
CGT,59
GGC,63
TTT,254
GGA,76
TCC,27
TCA,128
GCA,131
CAT,102
GAT,251
ACT,232
TGT,184
GAA,248
CCC,17
TAT,208
ATC,57
TCG,5
GCT,269
CGA,10
CTG,28
ATT,169
TAC,127
ATA,117
CCA,111
AAG,153
AAT,268
GCC,71
CTA,77
TGG,78
ACC,47
GGG,10
TGC,42
AGG,31
ACG,24
TCT,154
AGA,112
GCG,16
CCG,10
CGG,7
TAA,1

ATG,105
GAG,63
AGC,12
CTT,129
GTC,43
CCT,86
GGT,172
TTC,52
AAC,72
AAA,174
ACA,142
CAC,22
CAA,97
CTC,39
AGT,76
TTG,87
GTT,193
TTA,117
CAG,54
CGC,12
GAC,78
GTG,57
GTA,78
CGT,34
GGC,42
TTT,156
GGA,44
TCC,21
TCA,82
GCA,83
CAT,53
GAT,133
ACT,158
TGT,113
GAA,176
CCC,11
TAT,112
ATC,38
TCG,5
GCT,166
CGA,7
CTG,18
ATT,109
TAC,83
ATA,68
CCA,63
AAG,102
AAT,161
GCC,47
CTA,45
TGG,46
ACC,33
GGG,6
TGC,25
AGG,20
ACG,12
TCT,98
AGA,55
GCG,13
CCG,4
CGG,3
TAA,1

ATG,14
TTT,59
GTT,48
CTT,36
TTA,28
TTG,20
CCA,25
CTA,9
GTC,21
TCT,37
AGT,17
CAG,16
TGT,28
AAT,54
ACA,40
ACC,10
AGA,20
ACT,44
CAA,46
CCC,4
CCT,29
GCA,27
TAC,14
TTC,18
CGT,9
GGT,47
TAT,40
GAC,19
AAA,38
TCC,12
TCA,26
CAT,13
TGG,12
GCT,42
ATA,18
GGG,3
AAG,23
AGG,10
GAT,43
AAC,34
GAG,14
GGC,15
ATT,44
TCG,2
GAA,34
CAC,4
GCG,2
TGC,12
GGA,17
GTG,13
ACG,3
CTC,12
GTA,15
ATC,14
GCC,8
AGC,5
CTG,3
CGG,2
CGC,1
TAA,1

ATG,4
GAT,7
TTG,9
TTT,8
AGA,3
ATC,5
TTC,6
ACA,6
ATT,9
GGA,4
ACT,13
GTA,7
AAG,4
CAA,5
GGT,7
GAA,10
GCT,7
CCT,7
TCA,8
GTT,14
CGC,1
GCA,3
ACG,3
ATA,7
CCG,2
GCC,3
CTC,5
TGG,6
CTT,10
GGC,3
CAG,4
AGC,2
TCC,4
AAA,7
ACC,2
CTA,1
CAC,4
TGC,4
AAC,4
CTG,2
TAC,9
TAT,8
TTA,3
GTC,3
AGT,5
AGG,1
CGT,1
CCA,3
CAT,4
AAT,4
TGT,3
GAC,6
TCT,3
GAG,1
GTG,1
TAA,1

ATG,1
TAC,4
TCA,1
TTC,3
GTT,7
TCG,1
GAA,1
GAG,1
ACA,2
GGT,1
ACG,1
TTA,1
ATA,1
AAT,4
AGC,1
GTA,3
CTT,7
TTT,2
GCT,1
GTG,2
TTG,2
CTA,2
GCC,1
ATC,1
ACT,1
GCG,2
CGA,1
TGT,1
TGC,2
ATT,1
AAC,1
AGT,1
AAA,2
CCT,2
TCT,4
CGT,1
CTG,2
AGA,1
GAT,1
GTC,1
TAA,1

ATG,4
GCA,4
GAT,1
TCC,3
AAC,7
GGT,5
ACT,5
ATT,11
ACC,3
GTT,3
GAA,6
GAG,1
CTT,12
AAA,4
AAG,3
CTC,6
CAA,2
TGG,7
CTA,5
GTA,6
ATA,3
TTC,6
ACA,3
TGT,4
TTT,5
GCC,2
TAT,4
AGG,3
AAT,4
TTG,4
TTA,4
CTG,4
CCA,3
GCT,12
GTG,3
TAC,5
AGA,3
ATC,6
GGA,6
GGC,3
AGC,2
TCT,2
GCG,1
CGT,5
ACG,2
TCA,3
CAT,4
CCG,1
AGT,4
CAC,1
CGC,2
GAC,5
CCT,1
CGA,1
TCG,1
CAG,2
TAA,1

ATG,3
TTT,3
CAT,1
CTC,2
GTT,3
GAC,1
CAG,1
ACT,3
ATA,4
GCA,1
GAG,4
TTA,3
CTA,2
ATT,5
AGG,1
AAA,3
TCC,1
TGG,1
AAT,3
CTT,1
GAT,3
TAC,1
ATC,1
AAC,1
TCT,2
AAG,1
TCA,1
TAT,1
CAA,2
GAA,1
CCA,1
TAA,1

ATG,1
AAA,6
ATT,4
CTT,6
TTC,3
TTG,1
GCA,3
CTG,3
ATA,3
ACA,7
CTC,2
GCT,4
ACT,3
TGT,3
GAG,4
TAT,2
CAC,2
TAC,3
CAA,4
GTT,4
AGA,4
GGT,1
GTA,2
TTA,2
GAA,4
CCT,4
TGC,3
TCT,3
GGA,1
GGC,2
AAT,1
TCA,3
CCA,2
TTT,7
CAT,1
CTA,1
GAT,1
AAC,1
AGC,1
GAC,1
GTC,1
CAG,1
CGT,1
GCC,1
ATC,1
GCG,1
GTG,1
AAG,1
TGA,1

ATG,2
ATT,4
GAA,3
CTT,4
TCA,2
TTA,3
GAC,1
TTC,3
TAT,1
TTG,1
TGC,1
TTT,3
GCC,2
CTG,2
CTA,1
GTT,1
ATC,1
TGG,1
CAA,1
GAT,1
CAT,1
AAT,1
ACT,1
TGT,1
CAC,1
TAA,1

ATG,1
AAA,5
TTT,4
CTT,2
GTT,6
TTC,4
TTA,6
GGA,2
ATC,5
ACA,3
ACT,2
GTA,4
GCT,3
GCA,2
CAC,2
CAA,3
GAA,4
TGT,5
AGT,2
CAG,3
TCA,3
CAT,2
CCA,1
TAT,6
GAT,4
GAC,3
CCG,1
CCT,4
ATT,5
TCT,2
TGG,1
AGA,2
TTG,2
TGC,2
GTG,2
GAG,2
GGT,3
CCC,1
TAC,1
AAT,2
TCC,1
CGT,2
TCG,1
TAA,1

ATG,7
TCT,8
GAT,14
AAT,16
GGA,13
CCC,7
CAA,27
CAG,8
CGA,5
GCA,8
CGC,5
ATT,9
ACG,2
TTT,3
GGT,10
TCA,9
ACT,16
GGC,16
AGT,9
AAC,6
GAA,8
GGG,4
GCG,3
AAA,21
CGT,6
CGG,2
TTA,2
TGG,5
TTC,10
ACC,6
GCT,19
CTC,2
CAT,3
AAG,10
GAC,10
CTT,8
CCT,8
GTT,2
CCA,11
AGC,6
TAC,9
AGA,10
TAT,2
CTA,3
ATC,4
ATA,1
GAG,4
GCC,7
TTG,9
ACA,8
CAC,1
GTG,2
TCC,3
AGG,1
CTG,3
GTC,3
GTA,1
CCG,2
TCG,2
TAA,1

ATG,2
GGC,1
TAT,2
ATA,3
AAC,3
GTT,2
TTC,1
GCT,1
TTT,3
CCG,1
ACG,1
AGT,1
CTA,1
CTC,2
TTG,1
TGC,1
AGA,1
AAT,2
TCT,1
CGT,1
TAC,1
GCA,1
CAA,1
GTA,2
GAT,1
ACA,1
TAG,1
